tweet_id,text,dog_breed,name,jpg_url,source,rating_numerator,rating_denominator,retweet_count,favorite_count
890240255349198849,This is Cassie. She is a college pup. Studying international doggo communication and stick theory. 14/10 so elegant much sophisticate https://t.co/t1bfwz5S2A,doggo,Cassie,https://pbs.twimg.com/media/DFrEyVuW0AAO3t9.jpg,Twitter for iPhone,14.0,10.0,7711,32467
889531135344209921,This is Stuart. He's sporting his favorite fanny pack. Secretly filled with bones only. 13/10 puppared puppo #BarkWeek https://t.co/y70o6h3isq,puppo,Stuart,https://pbs.twimg.com/media/DFg_2PVW0AEHN3p.jpg,Twitter for iPhone,13.0,10.0,2321,15359
886366144734445568,This is Roscoe. Another pupper fallen victim to spontaneous tongue ejections. Get the BlepiPen immediate. 12/10 deep breaths Roscoe https://t.co/RGE08MIJox,pupper,Roscoe,https://pbs.twimg.com/media/DE0BTnQUwAApKEH.jpg,Twitter for iPhone,12.0,10.0,3316,21524
884162670584377345,Meet Yogi. He doesn't have any important dog meetings today he just enjoys looking his best at all times. 12/10 for dangerously dapper doggo https://t.co/YSI00BzTBZ,doggo,Yogi,https://pbs.twimg.com/media/DEUtQbzW0AUTv_o.jpg,Twitter for iPhone,12.0,10.0,3128,20771
883360690899218434,Meet Grizzwald. He may be the floofiest floofer I ever did see. Lost eyes saving a schoolbus from a volcano erpuption. 13/10 heroic as h*ck https://t.co/rf661IFEYP,floofer,Grizzwald,https://pbs.twimg.com/media/DEJT3FeXoAAtwUy.jpg,Twitter for iPhone,13.0,10.0,3825,22986
882762694511734784,This is Gus. He's quite the cheeky pupper. Already perfected the disinterested wink. 12/10 would let steal my girl https://t.co/D43I96SlVu,pupper,Gus,https://pbs.twimg.com/media/DEAz_HHXsAA-p_z.jpg,Twitter for iPhone,12.0,10.0,5134,28903
881536004380872706,"Here is a pupper approaching maximum borkdrive. Zooming at never before seen speeds. 14/10 paw-inspiring af 
(IG: puffie_the_chow) https://t.co/ghXBIIeQZF",pupper,a,https://pbs.twimg.com/ext_tw_video_thumb/881535971568889856/pu/img/9bawiZ--8FKywTkz.jpg,Twitter for iPhone,14.0,10.0,16570,50199
878776093423087618,This is Snoopy. He's a proud #PrideMonthPuppo. Impeccable handwriting for not having thumbs. 13/10 would love back #PrideMonth https://t.co/lNZwgNO4gS,puppo,Snoopy,https://pbs.twimg.com/media/DDIKMXzW0AEibje.jpg,Twitter for iPhone,13.0,10.0,4319,19763
876838120628539392,This is Ginger. She's having a ruff Monday. Too many pupper things going on. H*ckin exhausting. 12/10 would snug passionately https://t.co/j211oCDRs6,pupper,Ginger,https://pbs.twimg.com/media/DCsnnZsVwAEfkyi.jpg,Twitter for iPhone,12.0,10.0,3506,21125
874296783580663808,This is Jed. He may be the fanciest pupper in the game right now. Knows it too. 13/10 would sign modeling contract https://t.co/0YplNnSMEm,pupper,Jed,https://pbs.twimg.com/media/DCIgSR0XgAANEOY.jpg,Twitter for iPhone,13.0,10.0,4308,26651
874012996292530176,"This is Sebastian. He can't see all the colors of the rainbow, but he can see that this flag makes his human happy. 13/10 #PrideMonth puppo https://t.co/XBE0evJZ6V",puppo,Sebastian,https://pbs.twimg.com/media/DCEeLxjXsAAvNSM.jpg,Twitter for iPhone,13.0,10.0,11007,35501
873213775632977920,"This is Sierra. She's one precious pupper. Absolute 12/10. Been in and out of ICU her whole life. Help Sierra below

https://t.co/Xp01EU3qyD https://t.co/V5lkvrGLdQ",pupper,Sierra,https://pbs.twimg.com/media/DB5HTBGXUAE0TiK.jpg,Twitter for iPhone,12.0,10.0,1667,7467
871762521631449091,This is Rover. As part of pupper protocol he had to at least attempt to eat the plant. Confirmed not tasty. Needs peanut butter. 12/10 https://t.co/AiVljI6QCg,pupper,Rover,https://pbs.twimg.com/media/DBkfY58XcAEdzZy.jpg,Twitter for iPhone,12.0,10.0,3678,20787
871515927908634625,This is Napolean. He's a Raggedy East Nicaraguan Zoom Zoom. Runs on one leg. Built for deception. No eyes. Good with kids. 12/10 great doggo https://t.co/PR7B7w1rUw,doggo,Napolean,https://pbs.twimg.com/media/DBg_HT9WAAEeIMM.jpg,Twitter for iPhone,12.0,10.0,3628,20730
869596645499047938,This is Scout. He just graduated. Officially a doggo now. Have fun with taxes and losing sight of your ambitions. 12/10 would throw cap for https://t.co/DsA2hwXAJo,doggo,Scout,https://pbs.twimg.com/media/DBFtiYqWAAAsjj1.jpg,Twitter for iPhone,12.0,10.0,3327,16476
867421006826221569,This is Shikha. She just watched you drop a skittle on the ground and still eat it. Could not be less impressed. 12/10 superior puppo https://t.co/XZlZKd73go,puppo,Shikha,https://pbs.twimg.com/media/DAmyy8FXYAIH8Ty.jpg,Twitter for iPhone,12.0,10.0,2697,16755
866450705531457537,"This is Jamesy. He gives a kiss to every other pupper he sees on his walk. 13/10 such passion, much tender https://t.co/wk7TfysWHr",pupper,Jamesy,https://pbs.twimg.com/media/DAZAUfBXcAAG_Nn.jpg,Twitter for iPhone,13.0,10.0,32883,106827
850019790995546112,Say hello to Boomer. He's a sandy pupper. Having a h*ckin blast. 12/10 would pet passionately https://t.co/ecb3LvExde,pupper,Boomer,https://pbs.twimg.com/media/C8vgfTsXgAA561h.jpg,Twitter for iPhone,12.0,10.0,5459,21944
846514051647705089,This is Barney. He's an elder doggo. Hitches a ride when he gets tired. Waves goodbye before he leaves. 13/10 please come back soon https://t.co/cFAasDXauK,doggo,Barney,https://pbs.twimg.com/media/C79sB4xXwAEvwKY.jpg,Twitter for iPhone,13.0,10.0,13076,48410
845397057150107648,"Say hello to Mimosa. She's an emotional support doggo who helps her owner with PTSD. 13/10, but she needs your help

https://t.co/L6mLzrd7Mx https://t.co/jMutBFdw5o",doggo,Mimosa,https://pbs.twimg.com/media/C7t0IzLWkAINoft.jpg,Twitter for iPhone,13.0,10.0,2072,8241
845306882940190720,This is Pickles. She's a silly pupper. Thinks she's a dish. 12/10 would dry https://t.co/7mPCF4ZwEk,pupper,Pickles,https://pbs.twimg.com/media/C7siH5DXkAACnDT.jpg,Twitter for iPhone,12.0,10.0,6039,25225
837110210464448512,This is Clark. He passed pupper training today. Round of appaws for Clark. 13/10 https://t.co/7pUjwe8X6B,pupper,Clark,https://pbs.twimg.com/media/C54DS1kXQAEU5pS.jpg,Twitter for iPhone,13.0,10.0,2731,17480
836753516572119041,This is Meera. She just heard about taxes and how much a doghouse in a nice area costs. Not pupared to be a  doggo anymore. 12/10 https://t.co/GZmNEdyoJY,doggo,Meera,https://pbs.twimg.com/media/C5y-4VwWcAIcaoj.jpg,Twitter for iPhone,12.0,10.0,5237,21029
836380477523124226,"This is Ava. She just blasted off. Streamline af. Aerodynamic as h*ck. One small step for pupper, one giant leap for pupkind. 12/10 https://t.co/W4KffrdX3Q",pupper,Ava,https://pbs.twimg.com/media/C5trm6iWgAQ22Hw.jpg,Twitter for iPhone,12.0,10.0,3337,16037
833124694597443584,This is Gidget. She's a spy pupper. Stealthy as h*ck. Must've slipped pup and got caught. 12/10 would forgive then pet https://t.co/zD97KYFaFa,pupper,Gidget,https://pbs.twimg.com/media/C4_ad1IUoAEspsk.jpg,Twitter for iPhone,12.0,10.0,5513,22133
832998151111966721,"This is Rhino. He arrived at a shelter with an elaborate doggo manual for his new family, written by someone who will always love him. 13/10 https://t.co/QX1h0oqMz0",doggo,Rhino,https://pbs.twimg.com/media/C49nZavUYAEJjGw.jpg,Twitter for iPhone,13.0,10.0,2522,14549
832273440279240704,Say hello to Smiley. He's a blind therapy doggo having a h*ckin blast high steppin around in the snow. 14/10 would follow anywhere https://t.co/SHAb1wHjMz,doggo,Smiley,https://pbs.twimg.com/ext_tw_video_thumb/832273373149413377/pu/img/qOqxM0b48fEarmq6.jpg,Twitter for iPhone,14.0,10.0,2673,12385
832032802820481025,"This is Miguel. He was the only remaining doggo at the adoption center after the weekend. Let's change that. 12/10

https://t.co/P0bO8mCQwN https://t.co/SU4K34NT4M",doggo,Miguel,https://pbs.twimg.com/media/C4v5a4UWcAIRygc.jpg,Twitter for iPhone,12.0,10.0,4746,13887
831939777352105988,This is Emanuel. He's a h*ckin rare doggo. Dwells in a semi-urban environment. Round features make him extra collectible. 12/10 would so pet https://t.co/k9bzgyVdUT,doggo,Emanuel,https://pbs.twimg.com/media/C4uk0EWWQAAaZm1.jpg,Twitter for iPhone,12.0,10.0,7031,26404
831322785565769729,This is Pete. He has no eyes. Needs a guide doggo. Also appears to be considerably fluffy af. 12/10 would hug softly https://t.co/Xc0gyovCtK,doggo,Pete,https://pbs.twimg.com/media/C4lzqQ4UEAApzU0.jpg,Twitter for iPhone,12.0,10.0,1744,10042
829374341691346946,This is Astrid. She's a guide doggo in training. 13/10 would follow anywhere https://t.co/xo7FZFIAao,doggo,Astrid,https://pbs.twimg.com/media/C4KHj-nWQAA3poV.jpg,Twitter for iPhone,13.0,10.0,10706,38074
828381636999917570,Meet Doobert. He's a deaf doggo. Didn't stop him on the field tho. Absolute legend today. 14/10 would pat head approvingly https://t.co/iCk7zstRA9,doggo,Doobert,https://pbs.twimg.com/media/C38Asz1WEAAvzj3.jpg,Twitter for iPhone,14.0,10.0,2554,13864
827933404142436356,This is Kona. Yesterday she stopped by the department to see what it takes to be a police pupper. 12/10 vest was only a smidge too big https://t.co/j8D3PQJvpJ,pupper,Kona,https://pbs.twimg.com/media/C31pCN4UcAAOLNH.jpg,Twitter for iPhone,12.0,10.0,5987,22180
826958653328592898,This is Loki. He smiles like Elvis. Ain't nothin but a hound doggo. 12/10 https://t.co/QV5nx6otZR,doggo,Loki,https://pbs.twimg.com/media/C3nygbBWQAAjwcW.jpg,Twitter for iPhone,12.0,10.0,5757,23767
826848821049180160,This is Cupid. He was found in the trash. Now he's well on his way to prosthetic front legs and a long happy doggo life. 13/10 heroic af https://t.co/WS0Gha8vRh,doggo,Cupid,https://pbs.twimg.com/media/C3mOnZ_XUAAjr2V.jpg,Twitter for iPhone,13.0,10.0,11878,40325
826476773533745153,This is Pilot. He has mastered the synchronized head tilt and sneaky tongue slip. Usually not unlocked until later doggo days. 12/10 https://t.co/YIV8sw8xkh,doggo,Pilot,https://pbs.twimg.com/media/C3g8M0lWIAEcFgn.jpg,Twitter for iPhone,12.0,10.0,4821,20275
825026590719483904,"Say hello to Pablo. He's one gorgeous puppo. A true 12/10. Click the link to see why Pablo requests your assistance

https://t.co/koHvVQp9bL https://t.co/IhW0JKf7kc",puppo,Pablo,https://pbs.twimg.com/media/C3MVTeHWcAAGNfx.jpg,Twitter for iPhone,12.0,10.0,1483,7020
822462944365645825,"This is Gabe. He was the unequivocal embodiment of a dream meme, but also one h*ck of a pupper. You will be missed by so many. 14/10 RIP https://t.co/M3hZGadUuO",pupper,Gabe,https://pbs.twimg.com/media/C2n5rUUXEAIXAtv.jpg,Twitter for iPhone,14.0,10.0,17209,31800
821765923262631936,This is Duchess. She uses dark doggo forces to levitate her toys. 13/10 magical af https://t.co/maDNMETA52,doggo,Duchess,https://pbs.twimg.com/media/C2d_vnHWEAE9phX.jpg,Twitter for iPhone,13.0,10.0,1899,9317
821407182352777218,This is Sundance. He's a doggo drummer. Even sings a bit on the side. 14/10 entertained af (vid by @sweetsundance) https://t.co/Xn5AQtiqzG,doggo,Sundance,https://pbs.twimg.com/ext_tw_video_thumb/821407155391725568/pu/img/AJC07gFJDDBuwNTD.jpg,Twitter for iPhone,14.0,10.0,5053,13075
819952236453363712,"This is Oliver. He has dreams of being a service puppo so he can help his owner. 13/10 selfless af

make it happen:
https://t.co/f5WMsx0a9K https://t.co/6lJz0DKZIb",puppo,Oliver,https://pbs.twimg.com/media/C2EONHNWQAUWxkP.jpg,Twitter for iPhone,13.0,10.0,1369,5927
819006400881917954,This is Sunny. She was also a very good First Doggo. 14/10 would also be an absolute honor to pet https://t.co/YOC1fHFCSb,doggo,Sunny,https://pbs.twimg.com/media/C12x-JTVIAAzdfl.jpg,Twitter for iPhone,14.0,10.0,21794,49960
819004803107983360,This is Bo. He was a very good First Doggo. 14/10 would be an absolute honor to pet https://t.co/AdPKrI8BZ1,doggo,Bo,https://pbs.twimg.com/media/C12whDoVEAALRxa.jpg,Twitter for iPhone,14.0,10.0,42228,95450
817777686764523521,"This is Dido. She's playing the lead role in ""Pupper Stops to Catch Snow Before Resuming Shadow Box with Dried Apple."" 13/10 (IG: didodoggo) https://t.co/m7isZrOBX7",doggo,Dido,https://pbs.twimg.com/ext_tw_video_thumb/817777588030476288/pu/img/KbuLpE4krHF4VdPf.jpg,Twitter for iPhone,13.0,10.0,3084,11901
817777686764523521,"This is Dido. She's playing the lead role in ""Pupper Stops to Catch Snow Before Resuming Shadow Box with Dried Apple."" 13/10 (IG: didodoggo) https://t.co/m7isZrOBX7",pupper,Dido,https://pbs.twimg.com/ext_tw_video_thumb/817777588030476288/pu/img/KbuLpE4krHF4VdPf.jpg,Twitter for iPhone,13.0,10.0,3084,11901
814986499976527872,This is Cooper. Someone attacked him with a sharpie. Poor pupper. 11/10 nifty tongue slip tho https://t.co/01vpuRDXQ8,pupper,Cooper,https://pbs.twimg.com/media/C09p5dJWIAE5qKL.jpg,Twitter for iPhone,11.0,10.0,1505,8485
813910438903693312,This is Chubbs. He dug a hole and now he's stuck in it. Dang h*ckin doggo. 11/10 would assist https://t.co/z1VRj1cYZf,doggo,Chubbs,https://pbs.twimg.com/media/C0uXObSXUAAIzmV.jpg,Twitter for iPhone,11.0,10.0,2194,10342
813096984823349248,This is Rocky. He got triple-doggo-dared. Stuck af. 11/10 someone help him https://t.co/soNL00XWVu,doggo,Rocky,https://pbs.twimg.com/media/C0izZULWgAAKD-F.jpg,Twitter for iPhone,11.0,10.0,4207,11694
811386762094317568,This is Craig. That's actually a normal sized fence he's stuck on. H*ckin massive pupper. 11/10 someone help him https://t.co/aAUXzoxaBy,pupper,Craig,https://pbs.twimg.com/media/C0Kf9PtWQAEW4sE.jpg,Twitter for iPhone,11.0,10.0,7444,23302
807621403335917568,This is Ollie Vue. He was a 3 legged pupper on a mission to overcome everything. This is very hard to write. 14/10 we will miss you Ollie https://t.co/qTRY2qX9y4,pupper,Ollie,https://pbs.twimg.com/media/CzU_YVGUUAA3Xsd.jpg,Twitter for iPhone,14.0,10.0,4288,16236
803773340896923648,This is Diogi. He fell in the pool as soon as he was brought home. Clumsy puppo. 12/10 would pet until dry https://t.co/ZxeRjMKaWt,puppo,Diogi,https://pbs.twimg.com/media/CyeTku-XcAALkBd.jpg,Twitter for iPhone,12.0,10.0,3220,11203
802239329049477120,This is Loki. He'll do your taxes for you. Can also make room in your budget for all the things you bought today. 12/10 what a puppo https://t.co/5oWrHCWg87,puppo,Loki,https://pbs.twimg.com/media/CyIgaTEVEAA-9zS.jpg,Twitter for iPhone,12.0,10.0,3040,10132
801115127852503040,This is Bones. He's being haunted by another doggo of roughly the same size. 12/10 deep breaths pupper everything's fine https://t.co/55Dqe0SJNj,doggo,Bones,https://pbs.twimg.com/media/Cx4h7zHUsAAqaJd.jpg,Twitter for iPhone,12.0,10.0,2429,8992
801115127852503040,This is Bones. He's being haunted by another doggo of roughly the same size. 12/10 deep breaths pupper everything's fine https://t.co/55Dqe0SJNj,pupper,Bones,https://pbs.twimg.com/media/Cx4h7zHUsAAqaJd.jpg,Twitter for iPhone,12.0,10.0,2429,8992
800388270626521089,This is Doc. He takes time out of every day to worship our plant overlords. 12/10 quite the floofer https://t.co/azMneS6Ly5,floofer,Doc,https://pbs.twimg.com/media/CxuM3oZW8AEhO5z.jpg,Twitter for iPhone,12.0,10.0,3265,12456
799757965289017345,This is Sobe. She's a h*ckin happy doggo. Only one leg tho. Must have good balance. 13/10 would smile back https://t.co/OiH8PaOxB1,doggo,Sobe,https://pbs.twimg.com/media/CxlPnoSUcAEXf1i.jpg,Twitter for iPhone,13.0,10.0,2506,9390
794205286408003585,This is Laika. She was a space pupper. The first space pupper actually. Orbited earth like a h*ckin boss. 14/10 hero af https://t.co/trSjgY3h4g,pupper,Laika,https://pbs.twimg.com/media/CwWVe_3WEAAHAvx.jpg,Twitter for iPhone,14.0,10.0,3895,10314
793195938047070209,Say hello to Lily. She's pupset that her costume doesn't fit as well as last year. 12/10 poor puppo https://t.co/YSi6K1firY,puppo,Lily,https://pbs.twimg.com/media/CwH_foYWgAEvTyI.jpg,Twitter for iPhone,12.0,10.0,6547,17063
790946055508652032,This is Betty. She's assisting with the dishes. Such a good puppo. 12/10 h*ckin helpful af https://t.co/dgvTPZ9tgI,puppo,Betty,https://pbs.twimg.com/media/CvoBPWRWgAA4het.jpg,Twitter for iPhone,12.0,10.0,5496,18601
787717603741622272,This is Tonks. She is a service puppo. Can hear a caterpillar hiccup from 7 miles away. 13/10 would follow anywhere https://t.co/i622ZbWkUp,puppo,Tonks,https://pbs.twimg.com/media/Cu6I9vvWIAAZG0a.jpg,Twitter for iPhone,13.0,10.0,3240,11416
786363235746385920,This is Rizzo. He has many talents. A true renaissance doggo. 13/10 entertaining af https://t.co/TVXpEJB7Wn,doggo,Rizzo,https://pbs.twimg.com/media/Cum5LlfWAAAyPcS.jpg,Twitter for iPhone,13.0,10.0,4072,12189
785639753186217984,This is Pinot. He's a sophisticated doggo. You can tell by the hat. Also pointier than your average pupper. Still 10/10 would pet cautiously https://t.co/f2wmLZTPHd,doggo,Pinot,https://pbs.twimg.com/media/CucnLmeWAAALOSC.jpg,Twitter for iPhone,10.0,10.0,2561,8735
785639753186217984,This is Pinot. He's a sophisticated doggo. You can tell by the hat. Also pointier than your average pupper. Still 10/10 would pet cautiously https://t.co/f2wmLZTPHd,pupper,Pinot,https://pbs.twimg.com/media/CucnLmeWAAALOSC.jpg,Twitter for iPhone,10.0,10.0,2561,8735
782747134529531904,This is Deacon. He's the happiest almost dry doggo I've ever seen. 11/10 would smile back https://t.co/C6fUMnHt1H,doggo,Deacon,https://pbs.twimg.com/media/CtzgXgeXYAA1Gxw.jpg,Twitter for iPhone,11.0,10.0,1604,8310
782305867769217024,This is Sampson. He just graduated. Ready to be a doggo now. Time for the real world. 12/10 have fun with taxes https://t.co/pgVKxRw0s1,doggo,Sampson,https://pbs.twimg.com/media/CttPBt0WIAAcsDE.jpg,Twitter for iPhone,12.0,10.0,6470,18630
778027034220126208,This is Sophie. She's a Jubilant Bush Pupper. Super h*ckin rare. Appears at random just to smile at the locals. 11.27/10 would smile back https://t.co/QFaUiIHxHq,pupper,Sophie,https://pbs.twimg.com/media/Cswbc2yWcAAVsCJ.jpg,Twitter for iPhone,27.0,10.0,1885,7320
776477788987613185,This is Huck. He's addicted to caffeine. Hope it's not too latte to seek help. 11/10 stay strong pupper https://t.co/iJE3F0VozW,pupper,Huck,https://pbs.twimg.com/media/CsaaaaxWgAEfzM7.jpg,Twitter for iPhone,11.0,10.0,3249,9858
776113305656188928,This is Sampson. He's about to get hit with a vicious draw 2. Has no idea. 11/10 poor pupper https://t.co/FYT9QBEnKG,pupper,Sampson,https://pbs.twimg.com/media/CsVO7ljW8AAckRD.jpg,Twitter for iPhone,11.0,10.0,5068,13102
775733305207554048,This is Anakin. He strives to reach his full doggo potential. Born with blurry tail tho. 11/10 would still pet well https://t.co/9CcBSxCXXG,doggo,Anakin,https://pbs.twimg.com/media/CsP1UvaW8AExVSA.jpg,Twitter for iPhone,11.0,10.0,4627,15413
775364825476165632,This is Finley. He's an independent doggo still adjusting to life on his own. 11/10 https://t.co/7FNcBaKbci,doggo,Finley,https://pbs.twimg.com/media/CsKmMB2WAAAXcAy.jpg,Twitter for iPhone,11.0,10.0,3472,8295
773985732834758656,Meet Winnie. She just made awkward eye contact with the driver beside her. Poor pupper panicked. 11/10 would comfort https://t.co/RFWtDqTnAz,pupper,Winnie,https://pbs.twimg.com/media/Cr2_6R8WAAAUMtc.jpg,Twitter for iPhone,11.0,10.0,4492,11925
773547596996571136,This is Chelsea. She forgot how to dog. 11/10 get it together pupper https://t.co/nBJ5RE4yHb,pupper,Chelsea,https://pbs.twimg.com/media/Crwxb5yWgAAX5P_.jpg,Twitter for iPhone,11.0,10.0,7126,24553
772193107915964416,This is Willem. He's a Penn State pupper. Thinks the hood makes him more intimidating. It doesn't. 12/10 https://t.co/Dp0s7MRIHK,pupper,Willem,https://pbs.twimg.com/media/Crdhh_1XEAAHKHi.jpg,Twitter for iPhone,12.0,10.0,1612,6665
768193404517830656,Meet Gerald. He's a fairly exotic doggo. Floofy af. Inadequate knees tho. Self conscious about large forehead. 8/10 https://t.co/WmczvjCWJq,doggo,Gerald,https://pbs.twimg.com/media/Cqkr0wiW8AAn2Oi.jpg,Twitter for iPhone,8.0,10.0,4080,12157
765371061932261376,This is Louie. He's had a long day. Did a lot of pupper things. Also appears to be rather heckin pettable. 11/10 https://t.co/w2qDmoTIZ5,pupper,Louie,https://pbs.twimg.com/media/Cp8k6oRWcAUL78U.jpg,Twitter for iPhone,11.0,10.0,2475,7842
760893934457552897,This is Wishes. He has the day off. Daily struggles of being a doggo have finally caught up with him. 11/10 https://t.co/H9YgrUkYwa,doggo,Wishes,https://pbs.twimg.com/media/Co88_ujWEAErCg7.jpg,Twitter for iPhone,11.0,10.0,1104,4228
759793422261743616,"Meet Maggie &amp; Lila. Maggie is the doggo, Lila is the pupper. They are sisters. Both 12/10 would pet at the same time https://t.co/MYwR4DQKll",doggo,Maggie,https://pbs.twimg.com/media/CotUFZEWcAA2Pku.jpg,Twitter for iPhone,12.0,10.0,2173,6620
759793422261743616,"Meet Maggie &amp; Lila. Maggie is the doggo, Lila is the pupper. They are sisters. Both 12/10 would pet at the same time https://t.co/MYwR4DQKll",pupper,Maggie,https://pbs.twimg.com/media/CotUFZEWcAA2Pku.jpg,Twitter for iPhone,12.0,10.0,2173,6620
756939218950160384,This is Jax. He is a majestic mountain pupper. Thinks flat ground is for the weak. 12/10 would totally hike with https://t.co/KGdeHuFJnH,pupper,Jax,https://pbs.twimg.com/media/CoEwMXeWEAAaIz5.jpg,Twitter for iPhone,12.0,10.0,2295,7342
755206590534418437,This is one of the most inspirational stories I've ever come across. I have no words. 14/10 for both doggo and owner https://t.co/I5ld3eKD5k,doggo,one,https://pbs.twimg.com/media/CnsIT0WWcAAul8V.jpg,Twitter for iPhone,14.0,10.0,6148,18212
751132876104687617,This is Cooper. He's just so damn happy. 10/10 what's your secret puppo? https://t.co/yToDwVXEpA,puppo,Cooper,https://pbs.twimg.com/media/CmyPXNOW8AEtaJ-.jpg,Twitter for iPhone,10.0,10.0,1480,5610
750868782890057730,Meet Milo. He hauled ass until he ran out of treadmill and then passed out from exhaustion. 11/10 sleep tight pupper https://t.co/xe1aGZNkcC,pupper,Milo,https://pbs.twimg.com/media/CmufLLsXYAAsU0r.jpg,Twitter for iPhone,11.0,10.0,1595,5306
750506206503038976,This is Malcolm. He's absolutely terrified of heights. 8/10 hang in there pupper https://t.co/SVU00Sc9U2,pupper,Malcolm,https://pbs.twimg.com/media/CmpVaOZWIAAp3z6.jpg,Twitter for iPhone,8.0,10.0,1316,4934
750383411068534784,This is Zoe. She was trying to stealthily take a picture of you but you just noticed. 9/10 not so sneaky pupper https://t.co/FfH3o88Vta,pupper,Zoe,https://pbs.twimg.com/media/CmnluwbXEAAqnkw.jpg,Twitter for iPhone,9.0,10.0,1309,5005
750011400160841729,Meet Piper. She's an airport doggo. Please return your tray table to its full pupright and locked position. 11/10 https://t.co/D17IAcetmM,doggo,Piper,https://pbs.twimg.com/media/CmfmvGUWgAAuVKD.jpg,TweetDeck,11.0,10.0,1035,3568
749417653287129088,This is Finn. He's the most unphotogenic pupper of all time. 11/10 https://t.co/qvA2rCUl6v,pupper,Finn,https://pbs.twimg.com/media/CmZ3YH9WEAAowi3.jpg,Twitter for iPhone,11.0,10.0,1904,6721
749317047558017024,This is Blu. He's a wild bush Floofer. I wish anything made me as happy as bushes make Blu. 12/10 would frolic with https://t.co/HHUAnBb6QB,floofer,Blu,https://pbs.twimg.com/ext_tw_video_thumb/749316899712950272/pu/img/nvZI9mkoAxt89sul.jpg,Twitter for iPhone,12.0,10.0,2509,6076
748932637671223296,Say hello to Divine Doggo. Must be magical af. 13/10 would be an honor to pet https://t.co/BbcABzohKb,doggo,Divine,https://pbs.twimg.com/media/CmS-QkQWAAAkUa-.jpg,Twitter for iPhone,13.0,10.0,2564,6461
748692773788876800,That is Quizno. This is his beach. He does not tolerate human shenanigans on his beach. 10/10 reclaim ur land doggo https://t.co/vdr7DaRSa7,doggo,his,https://pbs.twimg.com/media/CmPkGhFXEAABO1n.jpg,Twitter for iPhone,10.0,10.0,1504,4659
745433870967832576,This is Lenox. She's in a wheelbarrow. Silly doggo. You don't belong there. 10/10 would push around https://t.co/oYbVR4nBsR,doggo,Lenox,https://pbs.twimg.com/media/ClhQJUUWAAEVpBX.jpg,Twitter for iPhone,10.0,10.0,2894,7824
744995568523612160,This is Abby. She got her face stuck in a glass. Churlish af. 9/10 rookie move puppo https://t.co/2FPb45NXrK,puppo,Abby,https://pbs.twimg.com/media/ClbBg4WWEAMjwJu.jpg,Twitter for iPhone,9.0,10.0,716,3277
743253157753532416,"This is Kilo. He cannot reach the snackum. Nifty tongue, but not nifty enough. 10/10 maybe one day puppo https://t.co/gSmp31Zrsx",puppo,Kilo,https://pbs.twimg.com/media/ClCQzFUUYAA5vAu.jpg,Twitter for iPhone,10.0,10.0,1366,4624
743222593470234624,This is a very rare Great Alaskan Bush Pupper. Hard to stumble upon without spooking. 12/10 would pet passionately https://t.co/xOBKCdpzaa,pupper,a,https://pbs.twimg.com/media/ClB09z0WYAAA1jz.jpg,Twitter for iPhone,12.0,10.0,2164,6792
742150209887731712,This is Edmund. He sends stellar selfies. Cute af. 8/10 would totally snapchat with this pupper https://t.co/PprXoqZuKY,pupper,Edmund,https://pbs.twimg.com/media/CkylrVWWsAAiXJE.jpg,Twitter for iPhone,8.0,10.0,1783,5661
741743634094141440,Meet Aqua. She's a sandy pupper. Not sure how she feels about being so sandy. Radical tongue slip. 11/10 petable af https://t.co/rYxJ0UQtbE,pupper,Aqua,https://pbs.twimg.com/media/Cksz42EW0AAh2NF.jpg,Twitter for iPhone,11.0,10.0,3144,8945
741067306818797568,This is just downright precious af. 12/10 for both pupper and doggo https://t.co/o5J479bZUC,doggo,just,https://pbs.twimg.com/media/CkjMx99UoAM2B1a.jpg,Twitter for iPhone,12.0,10.0,3520,10342
741067306818797568,This is just downright precious af. 12/10 for both pupper and doggo https://t.co/o5J479bZUC,pupper,just,https://pbs.twimg.com/media/CkjMx99UoAM2B1a.jpg,Twitter for iPhone,12.0,10.0,3520,10342
740676976021798912,"Meet Baloo. He's expecting a fast ground ball, hence the wide stance. Prepared af. 11/10 nothing runs like a pupper https://t.co/sMbMw5Z2XC",pupper,Baloo,https://pbs.twimg.com/media/Ckdpx5KWsAANF6b.jpg,Twitter for iPhone,11.0,10.0,7724,19881
739606147276148736,Meet Benji. He just turned 1. Has already given up on a traditional pupper physique. Just inhaled that thing. 9/10 https://t.co/sLUC4th3Zj,pupper,Benji,https://pbs.twimg.com/media/CkOb3FXW0AAUL_U.jpg,Twitter for iPhone,9.0,10.0,1876,5897
738537504001953792,This is Bayley. She fell asleep trying to escape her evil fence enclosure. 11/10 night night puppo https://t.co/AxSiqAKEKu,puppo,Bayley,https://pbs.twimg.com/media/Cj_P7rSUgAAYQbz.jpg,Twitter for iPhone,11.0,10.0,1759,5575
736365877722001409,This is Rory. He's extremely impatient. 11/10 settle down pupper https://t.co/e3tfXJLi40,pupper,Rory,https://pbs.twimg.com/media/CjgYyuvWkAAHU8g.jpg,Twitter for iPhone,11.0,10.0,1408,4367
735256018284875776,This is Kellogg. He accidentally opened the front facing camera. 8/10 get it together doggo https://t.co/MRYv7nDPyS,doggo,Kellogg,https://pbs.twimg.com/media/CjQnclkVEAA4pnK.jpg,Twitter for iPhone,8.0,10.0,993,3675
735137028879360001,Meet Buckley. His family &amp; some neighbors came over to watch him perform but he's nervous af. 9/10 u got this pupper https://t.co/5bdCpPlno9,pupper,Buckley,https://pbs.twimg.com/media/CjO7OfeWgAAUQy-.jpg,Twitter for iPhone,9.0,10.0,1092,3428
733822306246479872,This is Moose. He's a Polynesian Floofer. Dapper af. 10/10 would pet diligently https://t.co/mVfqRdppTL,floofer,Moose,https://pbs.twimg.com/media/Ci8Pfg_UUAA2m9i.jpg,Twitter for iPhone,10.0,10.0,1141,4015
732375214819057664,This is Kyle (pronounced 'Mitch'). He strives to be the best doggo he can be. 11/10 would pat on head approvingly https://t.co/aA2GiTGvlE,doggo,Kyle,https://pbs.twimg.com/media/CinrX2EWkAABDYt.jpg,Twitter for iPhone,11.0,10.0,2838,8832
730573383004487680,This is Rooney. He can't comprehend glass. 10/10 it'll be ok pupper https://t.co/CnUl2uDBBV,pupper,Rooney,https://pbs.twimg.com/media/CiOEnI6WgAAmq4E.jpg,Twitter for iPhone,10.0,10.0,2435,5407
728035342121635841,This is all I want in my life. 12/10 for super sleepy pupper https://t.co/4RlLA5ObMh,pupper,all,https://pbs.twimg.com/media/ChqARqmWsAEI6fB.jpg,Twitter for iPhone,12.0,10.0,1872,4953
728015554473250816,This is Rueben. He has reached ultimate pupper zen state. 11/10 tranquil af https://t.co/Z167HgtnBi,pupper,Rueben,https://pbs.twimg.com/media/ChpuRyvVAAARMoq.jpg,Twitter for iPhone,11.0,10.0,1219,4479
725786712245440512,Say hello to Lillie. She's a Rutabagan Floofem. Poor pupper ate and then passed out. 11/10 relatable af https://t.co/uIdGqug9rw,pupper,Lillie,https://pbs.twimg.com/media/ChKDKmIWIAIJP_e.jpg,Twitter for iPhone,11.0,10.0,1527,4537
724405726123311104,This is Ashleigh. She's having Coachella withdrawals. Didn't even go tho. 10/10 stay strong pupper https://t.co/nRUaKWnJfH,pupper,Ashleigh,https://pbs.twimg.com/media/Cg2bKLAWwAA0WEm.jpg,Twitter for iPhone,10.0,10.0,1847,5800
724004602748780546,This is Luther. He saw a ghost. Spooked af. 11/10 hang in there pupper https://t.co/EdKG43VvEl,pupper,Luther,https://pbs.twimg.com/media/CgwuWCeW4AAsgbD.jpg,Twitter for iPhone,11.0,10.0,1790,4561
721001180231503872,This is Oliver. Bath time is upon him. His fear of the wetness postpones his ultimate pupper destiny. 11/10 https://t.co/AFzzKqR4tT,pupper,Oliver,https://pbs.twimg.com/media/CgGCvxAUkAAx55r.jpg,Twitter for iPhone,11.0,10.0,686,2748
720340705894408192,This is Derek. He just got balled on. Can't even get up. Poor thing. 10/10 hang in there pupper https://t.co/BIRRF3bcWH,pupper,Derek,https://pbs.twimg.com/media/Cf8qDFbWwAEf8M3.jpg,Twitter for iPhone,10.0,10.0,1098,3131
719704490224398336,This is Clyde. He's making sure you're having a good train ride. 12/10 great pupper https://t.co/y206kWHAj0,pupper,Clyde,https://pbs.twimg.com/media/CfznaXuUsAAH-py.jpg,Twitter for iPhone,12.0,10.0,1645,4974
717009362452090881,This is Smokey. He's having some sort of existential crisis. 10/10 hang in there pupper https://t.co/JmgF4dMpw0,pupper,Smokey,https://pbs.twimg.com/media/CfNUNetW8AAekHx.jpg,Twitter for iPhone,10.0,10.0,1102,3583
711968124745228288,Meet Winston. He's trapped in a cup of coffee. Poor pupper. 10/10 someone free him https://t.co/2e6cUtKUuc,pupper,Winston,https://pbs.twimg.com/media/CeFrO3qXEAADRbd.jpg,Twitter for iPhone,10.0,10.0,2601,8776
711008018775851008,This is Chuckles. He had a balloon but he accidentally let go of it and it floated away. 11/10 hang in there pupper https://t.co/68iNM7B5gW,pupper,Chuckles,https://pbs.twimg.com/media/Cd4CBQFW8AAY3ND.jpg,Twitter for iPhone,11.0,10.0,710,3275
707315916783140866,This is Finnegus. He's trapped in a snow globe. Poor pupper. 10/10 would make sure no one shook it https://t.co/BjpOa52jQ4,pupper,Finnegus,https://pbs.twimg.com/media/CdDkEkHWwAAAeUJ.jpg,Twitter for iPhone,10.0,10.0,727,2698
705975130514706432,This is Adele. Her tongue flies out of her mouth at random. It's a debilitating illness. 10/10 stay strong pupper https://t.co/cfn81n3FLO,pupper,Adele,https://pbs.twimg.com/media/CcwgjmuXIAEQoSd.jpg,Twitter for iPhone,10.0,10.0,842,3397
705428427625635840,This is Ambrose. He's an Alfalfa Ballyhoo. Draws pistol fast af. Pretty much runs the frontier. 11/10 lethal pupper https://t.co/ih6epBOxIA,pupper,Ambrose,https://pbs.twimg.com/media/CcovaMUXIAApFDl.jpg,Twitter for iPhone,11.0,10.0,1931,4188
704859558691414016,Here is a heartbreaking scene of an incredible pupper being laid to rest. 10/10 RIP pupper https://t.co/81mvJ0rGRu,pupper,a,https://pbs.twimg.com/media/CcgqBNVW8AE76lv.jpg,Twitter for iPhone,10.0,10.0,612,2462
704347321748819968,This is Ralphson. He's very confused. Wondering why he's sitting on Santa's lap in February. 10/10 stay woke pupper https://t.co/INphk4ltkZ,pupper,Ralphson,https://pbs.twimg.com/media/CcZYJniXEAAEJRF.jpg,Twitter for iPhone,10.0,10.0,393,1729
703611486317502464,Meet Scooter. He's experiencing the pupper equivalent of dropping ur phone in a toilet 10/10 put it in some rice pup https://t.co/JSmX1FIEaW,pupper,Scooter,https://pbs.twimg.com/media/CcO66OjXEAASXmH.jpg,Twitter for iPhone,10.0,10.0,1709,4229
702598099714314240,"This is Sansa. She's gotten too big for her chair. Not so smol anymore. 11/10 once a pupper, always a pupper https://t.co/IpAoztle2s",pupper,Sansa,https://pbs.twimg.com/media/CcAhPevW8AAoknv.jpg,Twitter for iPhone,11.0,10.0,3712,11332
701545186879471618,Meet Millie. She's practicing her dive form for Rio. It's nearly perfect. Dedicated af. 10/10 go for gold pupper https://t.co/SDVkc4m96M,pupper,Millie,https://pbs.twimg.com/media/CbxjnyOWAAAWLUH.jpg,Twitter for iPhone,10.0,10.0,680,2902
700864154249383937,"""Pupper is a present to world. Here is a bow for pupper."" 12/10 precious as hell https://t.co/ItSsE92gCW",pupper,a,https://pbs.twimg.com/media/Cbn4OqKWwAADGWt.jpg,Twitter for iPhone,12.0,10.0,685,2828
699801817392291840,This is Cooper. He began to tear up when his bone was taken from him. 11/10 stay strong pupper https://t.co/qI8yvqKG02,pupper,Cooper,https://pbs.twimg.com/media/CbYyCMcWIAAHHjF.jpg,Twitter for iPhone,11.0,10.0,1088,3345
696877980375769088,This is Misty. She's in a predicament. Not sure what next move should be. 9/10 stay calm pupper I'm comin https://t.co/XhR7PAgcwF,pupper,Misty,https://pbs.twimg.com/media/CavO0uuWEAE96Ed.jpg,Twitter for iPhone,9.0,10.0,802,2689
696713835009417216,This is Trevith. He's a Swiss Mountain Roadwoof. Breeze too powerful. 9/10 stay strong pupper https://t.co/6J8Ibwy1X6,pupper,Trevith,https://pbs.twimg.com/media/Cas5h-wWcAA3nAc.jpg,Twitter for iPhone,9.0,10.0,757,2613
695095422348574720,This is just a beautiful pupper good shit evolution. 12/10 https://t.co/2L8pI0Z2Ib,pupper,just,https://pbs.twimg.com/media/CaV5mRDXEAAR8iG.jpg,Twitter for iPhone,12.0,10.0,684,2888
695074328191332352,This is Lorenzo. He's educated af. Just graduated college. 11/10 poor pupper can't even comprehend his debt https://t.co/dH3GzcjCtQ,pupper,Lorenzo,https://pbs.twimg.com/media/CaVmajOWYAA1uNG.jpg,Twitter for iPhone,11.0,10.0,1239,3116
694329668942569472,Meet Grady. He's very hungry. Too bad no one can find his food bowl. 9/10 poor pupper https://t.co/oToIkYnEGn,pupper,Grady,https://pbs.twimg.com/media/CaLBJmOWYAQt44t.jpg,Twitter for iPhone,9.0,10.0,569,2203
693590843962331137,Meet Phil. He's big af. Currently destroying this nice family home. Completely uncalled for. 3/10 not a good pupper https://t.co/fShNNhBWYx,pupper,Phil,https://pbs.twimg.com/media/CaAhMb1XEAAB6Bz.jpg,Twitter for iPhone,3.0,10.0,2233,5565
693095443459342336,This is Milo. He doesn't understand your fancy human gestures. Will lick instead. 10/10 can't faze this pupper https://t.co/OhodPIDOpW,pupper,Milo,https://pbs.twimg.com/media/CZ5entwWYAAocEg.jpg,Twitter for iPhone,10.0,10.0,523,2056
692905862751522816,This is Wally. He's being abducted by aliens. 10/10 poor pupper https://t.co/EiF659Bgjn,pupper,Wally,https://pbs.twimg.com/media/CZ2yNKhWEAA_7cb.jpg,Twitter for iPhone,10.0,10.0,998,2683
692417313023332352,Meet Herschel. He's slightly bigger than ur average pupper. Looks lonely. Could probably ride 7/10 would totally pet https://t.co/VGaIMktX10,pupper,Herschel,https://pbs.twimg.com/media/CZv13u5WYAA6wQe.jpg,Twitter for iPhone,7.0,10.0,3917,10275
689905486972461056,"Say hello to Gizmo. He's quite the pupper. Confused by bed, but agile af. Can barely catch on camera. 11/10 so quick https://t.co/IE4ZblyZRY",pupper,Gizmo,https://pbs.twimg.com/media/CZMJYCRVAAE35Wk.jpg,Twitter for iPhone,11.0,10.0,787,2651
689623661272240129,This is Lucy. She's terrified of the stuffed billed dog. 10/10 stay strong pupper https://t.co/QnvSjjyh7n,pupper,Lucy,https://pbs.twimg.com/media/CZIJD2SWIAMJgNI.jpg,Twitter for iPhone,10.0,10.0,748,2467
689143371370250240,Meet Trip. He likes wearing costumes that aren't consistent with the season to screw with people 10/10 tricky pupper https://t.co/40w7TI5Axv,pupper,Trip,https://pbs.twimg.com/media/CZBUO2UWsAAKehS.jpg,Twitter for iPhone,10.0,10.0,579,2232
688894073864884227,This is Hamrick. He's covered in corn flakes. Silly pupper. Looks congested. 7/10 considerably petable https://t.co/ROPZcAMQKI,pupper,Hamrick,https://pbs.twimg.com/media/CY9xf1dUAAE4XLc.jpg,Twitter for iPhone,7.0,10.0,792,2462
688179443353796608,This is Lizzie. She's about to fist bump the large ridable maned pupper. She's very excited. 10/10 for both dogs https://t.co/mFhvtX36om,pupper,Lizzie,https://pbs.twimg.com/media/CYznjAcUEAQ5Zq7.jpg,Twitter for iPhone,10.0,10.0,669,2328
687704180304273409,Say hello to Blakely. He thinks that's a hat. Silly pupper. That's a nanner. 9/10 https://t.co/UwOV1jqKRt,pupper,Blakely,https://pbs.twimg.com/media/CYs3TKzUAAAF9A2.jpg,Twitter for iPhone,9.0,10.0,950,2660
687476254459715584,This is Curtis. He's a fluffball. 11/10 would snug this pupper https://t.co/1DzInODwrj,pupper,Curtis,https://pbs.twimg.com/media/CYpoAZTWEAA6vDs.jpg,Twitter for iPhone,11.0,10.0,619,2187
686683045143953408,This is Mona. She's a Yarborough Splishnsplash. Lost body during Nam. 11/10 revolutionary pupper https://t.co/pgD6h0yhgz,pupper,Mona,https://pbs.twimg.com/media/CYeWlh0WAAADhsj.jpg,Twitter for iPhone,11.0,10.0,912,3072
686618349602762752,This is Olivia. She just saw an adult wearing crocs. 11/10 poor pupper. No one should witness such a thing https://t.co/yJVTi1DjJc,pupper,Olivia,https://pbs.twimg.com/media/CYdbvwjWcAEtjYu.jpg,Twitter for iPhone,11.0,10.0,1544,4042
686377065986265092,Meet Birf. He thinks he's gone blind. 10/10 very frightened pupper https://t.co/oDkspjNWYX,pupper,Birf,https://pbs.twimg.com/media/CYaAS2kUoAINkye.jpg,Twitter for iPhone,10.0,10.0,637,2433
685943807276412928,This is the newly formed pupper a capella group. They're just starting out but I see tons of potential. 8/10 for all https://t.co/wbAcvFoNtn,pupper,the,https://pbs.twimg.com/ext_tw_video_thumb/685943751555051520/pu/img/rlBvQWaFPUMx1MTi.jpg,Twitter for iPhone,8.0,10.0,696,1801
685667379192414208,This is Marty. He has no idea what happened here. Never seen this stuff in his life. 9/10 very suspicious pupper https://t.co/u427woxFpJ,pupper,Marty,https://pbs.twimg.com/media/CYP62A6WkAAOnL4.jpg,Twitter for iPhone,9.0,10.0,666,2579
685641971164143616,This is Otis. He just passed a cop while going 61 in a 45. Very nervous pupper. 7/10 https://t.co/jJS8qQeuNO,pupper,Otis,https://pbs.twimg.com/media/CYPjvFqW8AAgiP2.jpg,Twitter for iPhone,7.0,10.0,885,3218
685307451701334016,Say hello to Petrick. He's an Altostratus Floofer. Just had a run in with a trash bag. Groovy checkered floor. 11/10 https://t.co/rwW7z1JAOF,floofer,Petrick,https://pbs.twimg.com/media/CYKzfTTWMAEeTN7.jpg,Twitter for iPhone,11.0,10.0,496,2262
685268753634967552,This is Hubertson. He's a Carmel Haberdashery. Enjoys long summer days on his boat. Very peaceful pupper. 10/10 https://t.co/vzCl35fKlZ,pupper,Hubertson,https://pbs.twimg.com/media/CYKQS0xUQAEOptC.jpg,Twitter for iPhone,10.0,10.0,1371,3419
685169283572338688,Meet Gerbald. He just found out he's adopted. Poor pupper. Snazzy tongue tho. 11/10 would hold close in time of need https://t.co/UfGkB9Wrud,pupper,Gerbald,https://pbs.twimg.com/media/CYI10WhWsAAjzii.jpg,Twitter for iPhone,11.0,10.0,1620,4489
683481228088049664,Meet Banjo. He's a Peppercorn Shoop Da Whoop. Nails look lethal. Skeptical of luminescent orb 11/10 stay woke pupper https://t.co/H7NZFumpKq,pupper,Banjo,https://pbs.twimg.com/media/CXw2jSpWMAAad6V.jpg,Twitter for iPhone,11.0,10.0,1118,2878
683142553609318400,Meet Brandy. She's a member of the Bloods. Menacing criminal pupper. Soft spot for flowers tho. 9/10 pet w caution https://t.co/hhIA3coiAJ,pupper,Brandy,https://pbs.twimg.com/media/CXsChyjW8AQJ16C.jpg,Twitter for iPhone,9.0,10.0,1173,3162
683111407806746624,This is Larry. He thought the New Year's parties were tonight. 10/10 poor pupper. Maybe next year https://t.co/h3X0jK8MVM,pupper,Larry,https://pbs.twimg.com/media/CXrmMSpUwAAdeRj.jpg,Twitter for iPhone,10.0,10.0,1034,3736
682406705142087680,This is Patrick. He's a bigass pupper. 7/10 https://t.co/J9DXBFoAQe,pupper,Patrick,https://pbs.twimg.com/media/CXhlRmRUMAIYoFO.jpg,Twitter for iPhone,7.0,10.0,2019,8319
681891461017812993,Say hello to Charlie. He's scholarly af. Quite intimidating with all his pupper knowledge 10/10 even built that fire https://t.co/9KThv6z8u5,pupper,Charlie,https://pbs.twimg.com/media/CXaQqGbWMAAKEgN.jpg,Twitter for iPhone,10.0,10.0,951,2706
681694085539872773,This is Bo. He's a Benedoop Cumbersnatch. Seems frustrated with own feet. Portable as hell. 11/10 very solid pupper https://t.co/TONMhRoQh7,pupper,Bo,https://pbs.twimg.com/media/CXXdJ7CVAAALu23.jpg,Twitter for iPhone,11.0,10.0,4581,14010
681654059175129088,This is Toffee. He's a happy pupper. Appears dangerously fluffy. Extraordinarily spherical. 12/10 would pet firmly https://t.co/oEXEKt3MHu,pupper,Toffee,https://pbs.twimg.com/media/CXW4wGHWsAE_eBD.jpg,Twitter for iPhone,12.0,10.0,1045,2903
680836378243002368,This is Ellie. She's secretly ferocious. 12/10 very deadly pupper https://t.co/BF4BW8LUgb,pupper,Ellie,https://pbs.twimg.com/media/CXLREjOW8AElfk6.jpg,Twitter for iPhone,12.0,10.0,1513,3766
680473011644985345,"This is Hector. He thinks he's a hammer. Silly Hector. You're a pupper, not a hammer. 10/10 https://t.co/OdUFuZIXiI",pupper,Hector,https://pbs.twimg.com/media/CXGGlzvWYAArPfk.jpg,Twitter for iPhone,10.0,10.0,844,2778
680145970311643136,Say hello to Kawhi. He was doing fine until his hat fell off. He got it back though. 10/10 deep breaths pupper https://t.co/N5pM6WBx7e,pupper,Kawhi,https://pbs.twimg.com/media/CXBdJxLUsAAWql2.jpg,Twitter for iPhone,10.0,10.0,1972,3955
679777920601223168,This is Rinna. She's melting. 10/10 get inside pupper https://t.co/PA0czwucsb,pupper,Rinna,https://pbs.twimg.com/media/CW8OYajUMAAPRoF.jpg,Twitter for iPhone,10.0,10.0,1281,3390
679503373272485890,This is Dwight. He's a pointy pupper. Very docile. Attracts marshmallows. Hurts to pet but definitely worth it 8/10 https://t.co/jjW7zTxY9Z,pupper,Dwight,https://pbs.twimg.com/media/CW4UtmYWsAAEjqA.jpg,Twitter for iPhone,8.0,10.0,1673,3484
678389028614488064,"This is Bella. She just learned that her final grade in chem was a 92.49 
poor pupper 11/10 https://t.co/auOoKuoveM",pupper,Bella,https://pbs.twimg.com/media/CWofOHUWUAACGVa.jpg,Twitter for iPhone,11.0,10.0,473,2044
677269281705472000,This is the happiest pupper I've ever seen. 10/10 would trade lives with https://t.co/ep8ATEJwRb,pupper,the,https://pbs.twimg.com/media/CWYk0WxWoAAEwRt.jpg,Twitter for iPhone,10.0,10.0,790,2164
676603393314578432,This is Godzilla pupper. He had a ruff childhood &amp; now deflects that pain outward by terrorizing cities. Tragic 9/10 https://t.co/g1tLGkyaxr,pupper,Godzilla,https://pbs.twimg.com/media/CWPHMqKVAAAE78E.jpg,Twitter for iPhone,9.0,10.0,440,1280
675845657354215424,"This is Pepper. She's not fully comfortable riding her imaginary bike yet. 10/10 don't worry pupper, it gets easier https://t.co/40dj4eTsXG",pupper,Pepper,https://pbs.twimg.com/media/CWEWClfW4AAnqhG.jpg,Twitter for iPhone,10.0,10.0,1000,2477
675113801096802304,Meet Zuzu. He just graduated college. Astute pupper. Needs 2 leashes to contain him. Wasn't ready for the pic. 10/10 https://t.co/2H5SKmk0k7,pupper,Zuzu,https://pbs.twimg.com/media/CV58a4nXAAApywo.jpg,Twitter for iPhone,10.0,10.0,877,2120
675006312288268288,Say hello to Mollie. This pic was taken after she bet all her toys on Ronda Rousey. 10/10 hang in there pupper https://t.co/QMmAqA9VqO,pupper,Mollie,https://pbs.twimg.com/media/CV4aqCwWsAIi3OP.jpg,Twitter for iPhone,10.0,10.0,252,1057
674774481756377088,This is Superpup. His head isn't proportional to his body. Has yet to serve any justice. 11/10 maybe one day pupper https://t.co/gxIFgg8ktm,pupper,Superpup,https://pbs.twimg.com/media/CV1HztsWoAAuZwo.jpg,Twitter for iPhone,11.0,10.0,532,1213
674737130913071104,Meet Rufio. He is unaware of the pink legless pupper wrapped around him. Might want to get that checked 10/10 &amp; 4/10 https://t.co/KNfLnYPmYh,pupper,Rufio,https://pbs.twimg.com/media/CV0l10AU8AAfg-a.jpg,Twitter for iPhone,10.0,10.0,103,693
674318007229923329,This is Lennon. He's in quite the predicament. 8/10 hang in there pupper https://t.co/7mf8XXPAZv,pupper,Lennon,https://pbs.twimg.com/media/CVuopr8WwAExw_T.jpg,Twitter for iPhone,8.0,10.0,570,1516
674262580978937856,This is Gus. He's super stoked about being an elephant. Couldn't be happier. 9/10 for elephant pupper https://t.co/gJS1qU0jP7,pupper,Gus,https://pbs.twimg.com/media/CVt2PawWIAEUkqW.jpg,Twitter for iPhone,9.0,10.0,498,1391
674038233588723717,This is Kaiya. She's an aspiring shoe model. 12/10 follow your dreams pupper https://t.co/nX8FiGRHvk,pupper,Kaiya,https://pbs.twimg.com/media/CVqqMtiVEAEye_L.jpg,Twitter for iPhone,12.0,10.0,456,1176
673956914389192708,This is one esteemed pupper. Just graduated college. 10/10 what a champ https://t.co/nyReCVRiyd,pupper,one,https://pbs.twimg.com/media/CVpgPGwWoAEV7gG.jpg,Twitter for iPhone,10.0,10.0,1069,2091
673919437611909120,This is Obie. He is on guard watching for evildoers from the comfort of his pumpkin. Very brave pupper. 11/10 https://t.co/cdwPTsGEAb,pupper,Obie,https://pbs.twimg.com/media/CVo-JuMWwAAet6F.jpg,Twitter for iPhone,11.0,10.0,401,1251
673707060090052608,This is Raymond. He's absolutely terrified of floating tennis ball. 10/10 it'll be ok pupper https://t.co/QyH1CaY3SM,pupper,Raymond,https://pbs.twimg.com/media/CVl8_EPWoAAcuSC.jpg,Twitter for iPhone,10.0,10.0,434,1177
673697980713705472,This is Pickles. She's a tiny pointy pupper. Average walker. Very skeptical of wet leaf. 8/10 https://t.co/lepRCaGcgw,pupper,Pickles,https://pbs.twimg.com/media/CVl0vFeWoAAMTfg.jpg,Twitter for iPhone,8.0,10.0,2165,4067
673656262056419329,This is Albert AKA King Banana Peel. He's a kind ruler of the kitchen. Very jubilant pupper. 10/10 overall great dog https://t.co/PN8hxgZ9We,pupper,Albert,https://pbs.twimg.com/media/CVlOy3pW4AQ9H1K.jpg,Twitter for iPhone,10.0,10.0,265,769
673612854080196609,This is Jeffri. He's a speckled ice pupper. Very lazy. Enjoys the occasional swim. Rather majestic really. 7/10 https://t.co/0iyItbtkr8,pupper,Jeffri,https://pbs.twimg.com/media/CVknUTlVEAARjU5.jpg,Twitter for iPhone,7.0,10.0,802,1691
673342308415348736,This is Django. He's a skilled assassin pupper. 10/10 https://t.co/w0YTuiRd1a,pupper,Django,https://pbs.twimg.com/media/CVgxQc5XIAAYL0W.jpg,Twitter for iPhone,10.0,10.0,649,1362
673295268553605120,Meet Eve. She's a raging alcoholic 8/10 (would b 11/10 but pupper alcoholism is a tragic issue that I can't condone) https://t.co/U36HYQIijg,pupper,Eve,https://pbs.twimg.com/media/CVgGc9hWIAIe1bn.jpg,Twitter for iPhone,8.0,10.0,3484,8046
673148804208660480,This is Fletcher. He's had a ruff night. No more Fireball for Fletcher. 8/10 it'll be over soon pupper https://t.co/tA4WpkI2cw,pupper,Fletcher,https://pbs.twimg.com/media/CVeBQwiUsAAqhLw.jpg,Twitter for iPhone,8.0,10.0,688,1822
672988786805112832,This is Schnozz. He's had a blurred tail since birth. Hasn't let that stop him. 10/10 inspirational pupper https://t.co/a3zYMcvbXG,pupper,Schnozz,https://pbs.twimg.com/media/CVbvjKqW4AA_CuD.jpg,Twitter for iPhone,10.0,10.0,314,1039
672975131468300288,This is Chuckles. He is one skeptical pupper. 10/10 stay woke Chuckles https://t.co/ZlcF0TIRW1,pupper,Chuckles,https://pbs.twimg.com/media/CVbjRSIWsAElw2s.jpg,Twitter for iPhone,10.0,10.0,1015,1813
672970152493887488,This is Chet. He's having a hard time. Really struggling. 7/10 hang in there pupper https://t.co/eb4ta0xtnd,pupper,Chet,https://pbs.twimg.com/media/CVbeyGUU8AEq300.jpg,Twitter for iPhone,7.0,10.0,391,1019
672898206762672129,This is Cheryl AKA Queen Pupper of the Skies. Experienced fighter pilot. Much skill. True hero. 11/10 https://t.co/i4XJEWwdsp,pupper,Cheryl,https://pbs.twimg.com/media/CVadWcCXIAAL4Sh.jpg,Twitter for iPhone,11.0,10.0,459,944
672614745925664768,This is Norman. Doesn't bark much. Very docile pup. Up to date on current events. Overall nifty pupper. 6/10 https://t.co/ntxsR98f3U,pupper,Norman,https://pbs.twimg.com/media/CVWbitUW4AAzclx.jpg,Twitter for iPhone,6.0,10.0,644,1302
672594978741354496,Meet Scott. Just trying to catch his train to work. Doesn't need everybody staring. 9/10 ignore the haters pupper https://t.co/jyXbZ35MYz,pupper,Scott,https://pbs.twimg.com/media/CVWJkJXWsAInlZl.jpg,Twitter for iPhone,9.0,10.0,661,1411
672481316919734272,Say hello to Jazz. She should be on the cover of Vogue. 12/10 gorgeous pupper https://t.co/mVCMemhXAP,pupper,Jazz,https://pbs.twimg.com/media/CVUiMUeW4AEQgkU.jpg,Twitter for iPhone,12.0,10.0,137,757
672254177670729728,This is Rolf. He's having the time of his life. 11/10 good pupper https://t.co/OO6MqEbqG3,pupper,Rolf,https://pbs.twimg.com/media/CVRTmz1WcAA4uMF.jpg,Twitter for iPhone,11.0,10.0,800,1515
672205392827572224,This is Opal. He's a Royal John Coctostan. Ready for transport. Basically indestructible. 9/10 good pupper https://t.co/yRBQF9OS7D,pupper,Opal,https://pbs.twimg.com/media/CVQnPMrVAAAzShR.jpg,Twitter for iPhone,9.0,10.0,1270,2414
672160042234327040,This is Bubba. He's a Titted Peebles Aorta. Evolutionary masterpiece. Comfortable with his body. 8/10 great pupper https://t.co/aNkkl5nH3W,pupper,Bubba,https://pbs.twimg.com/media/CVP9_beUEAAwURR.jpg,Twitter for iPhone,8.0,10.0,395,918
